Keyword,Intent,Volume,Keyword Difficulty,CPC (USD),SERP Features
how to calculate bac,Informational,880,57,0.02,"Sitelinks, AI Overview, Video, Video carousel, People also ask, Related searches"
how to calculate bac levels,Informational,590,60,0.04,"Sitelinks, AI Overview, Image pack, Video, Video carousel, People also ask, Related searches"
how do you calculate bac,Informational,390,50,0.04,"Sitelinks, AI Overview, Video, Related searches"
how do you calculate your bac,Informational,390,49,2.49,"Sitelinks, AI Overview, Video, Video carousel, People also ask, Related searches"
how to calculate your bac,Informational,260,42,2.49,"Sitelinks, Image pack, Video, People also ask, Discussions and forums, Related searches"
how to calculate bac level,Informational,210,43,0.04,"Sitelinks, AI Overview, Image pack, Video, Related searches"
how is bac calculated,Informational,90,61,0.00,"Sitelinks, AI Overview, Image pack, Video, People also ask, Related searches"
how much bac water for 10mg retatrutide calculator,,70,,0.00,
how much bac water for 5mg retatrutide calculator,,40,,0.00,
are bac calculators accurate,Informational,30,8,0.00,"Sitelinks, AI Overview, People also ask, Related searches"
how accurate are bac calculators,,30,,0.00,
how much bac water for 15 mg retatrutide calculator,,30,,0.00,
how to calculate bac in project management,,30,,0.00,
what's my bac calculator,,30,,0.00,
how bac is calculated,,20,,0.00,
how do i calculate my bac,,20,,0.00,
how drunk am i bac calculator,,20,,0.00,
how long until bac is 0 calculator,,20,,0.00,
how many drinks bac calculator,,20,,0.00,
how much bac water for 10mg peptide calculator,,20,,0.00,
how to calculate bac alcohol,,20,,0.00,
how to calculate bac formula,,20,,0.00,
how to calculate bac percentage,,20,,0.00,
how to calculate bac project management,,20,,0.00,
how to calculate my bac,,20,,0.00,
how to calculate your bac level,,20,,0.00,
what is my bac calculator,,20,,0.00,
when will i be sober bac calculator,,20,,0.00,
how to calculate bac level ontario,,10,,0.00,
how to calculate bac level with weight,,10,,0.00,
is bac calculator accurate,,10,,0.00,
a 06 bac calculator,,0,,0.00,
are online bac calculators accurate,,0,,0.00,
can apple watch calculate bac,,0,,0.00,
can i drive bac calculator,,0,,0.00,
can you calculate previous bac,,0,,0.00,
do bac calculators work,,0,,0.00,
how accurate are bac calculation apps,,0,,0.00,
how accurate are online bac calculators,,0,,0.00,
how can i calculate my bac,,0,,0.00,
how can you calculate your bac level,,0,,0.00,
how do i calculate the bac,,0,,0.00,
how do i calculate the budget at completion bac,,0,,0.00,
how do police calculate bac,,0,,0.00,
how do they calculate bac levels,,0,,0.00,
how do u calculate bac,,0,,0.00,
how do you calculate bac earned value,,0,,0.00,
how do you calculate bac for a project manager,,0,,0.00,
how do you calculate bac level,,0,,0.00,
how do you calculate bac over time,,0,,0.00,
how do you calculate budget at completion bac,,0,,0.00,
how does a bac calculator work,,0,,0.00,
how does a breathalyzer calculate bac,,0,,0.00,
how does a breathalyzer calculator bac,,0,,0.00,
how is bac calculated and measured,,0,,0.00,
how is bac calculated in project management,,0,,0.00,
how long does it take 0.13 bac calculator,,0,,0.00,
how long for bac to go down calculator,,0,,0.00,
how long from starting drinking bac calculator,,0,,0.00,
how long until my bac is zero calculator,,0,,0.00,
how many beers to be 289 bac calculator,,0,,0.00,
how many cans of beer will create my bac calculator,,0,,0.00,
how many drinks bring bac calculator,,0,,0.00,
how many drinks is 08 bac calculator,,0,,0.00,
how many shots does it take to reach bac calculator,,0,,0.00,
how much bac water for 12 mg retatrutide calculator,,0,,0.00,
how to calculate alcohol bac to mg,,0,,0.00,
how to calculate bac activity,,0,,0.00,
how to calculate bac earned value,,0,,0.00,
how to calculate bac evm,,0,,0.00,
how to calculate bac gov,,0,,0.00,
how to calculate bac in business,,0,,0.00,
how to calculate bac in pmp,,0,,0.00,
how to calculate bac level by hand,,0,,0.00,
how to calculate bac per drink,,0,,0.00,
how to calculate bac project manageemnt,,0,,0.00,
how to calculate bac smart serve,,0,,0.00,
how to calculate bac using abv,,0,,0.00,
how to calculate bac when you're transgender,,0,,0.00,
how to calculate bac with ipa,,0,,0.00,
how to calculate bac worksheet,,0,,0.00,
how to calculate betco fight bac expiration date,,0,,0.00,
how to calculate budget at completion bac,,0,,0.00,
how to calculate budget remaining on project using bac,,0,,0.00,
how to calculate cmax and tmax bac,,0,,0.00,
how to calculate mass of dichromate in solution 2 bac,,0,,0.00,
how to calculate michael's bac,,0,,0.00,
how to calculate rising bac,,0,,0.00,
how to calculate serum bac to whole blood bac,,0,,0.00,
how to calculate the bac,,0,,0.00,
how to calculate your bac at a point in time,,0,,0.00,
how to calculate your bac australia,,0,,0.00,
how to calculate your estimated blood alcohol content bac,,0,,0.00,
how to.calculate bac,,0,,0.00,
what happens when bac is not calculated,,0,,0.00,
what is a standard shot size for calculating bac,,0,,0.00,
what is my bac after one beer calculator,,0,,0.00,
what is the bac formula to calculate,,0,,0.00,
what is the formula to calculate bac,,0,,0.00,
what is the formula to calculate estimated bac,,0,,0.00,
what needs to be calculated for bac,,0,,0.00,
what pi and how to calculate acuid bace,,0,,0.00,
when will my bac be 0 calculator,,0,,0.00,
when you calculate bac what is meant by elapsed time,,0,,0.00,
why a bac calculator suspended me,,0,,0.00,
